{
    "observation.state": {
        "mean": [
            -2.622540235519409,
            -0.1871679425239563,
            5.757023811340332,
            5.737095355987549,
            1.68202805519104,
            1.5017145872116089,
            0.07166749238967896,
            0.20924217998981476,
            0.2904980778694153,
            5.573039531707764,
            0.1738508939743042,
            0.2670057415962219,
            5.453268527984619,
            0.1625245213508606,
            0.2449198067188263,
            0.11255976557731628,
            0.17139333486557007,
            0.23588305711746216
        ],
        "std": [
            1.7764151096343994,
            1.1392496824264526,
            1.7906579971313477,
            1.3511574268341064,
            0.2618798315525055,
            0.31572890281677246,
            0.15887810289859772,
            0.3188672363758087,
            0.4754883348941803,
            1.8654701709747314,
            0.3119685649871826,
            0.4675931930541992,
            1.8234978914260864,
            0.3127780258655548,
            0.46844571828842163,
            0.1662377566099167,
            0.33242475986480713,
            0.49673882126808167
        ],
        "min": [
            -4.62988805770874,
            -1.473266839981079,
            4.453143119812012,
            -9.714403131511062e-05,
            0.010382077656686306,
            -9.495081030763686e-05,
            0.030059566721320152,
            0.13233943283557892,
            0.1679566502571106,
            -9.877787670120597e-05,
            0.09140557795763016,
            0.14828847348690033,
            -5.149668868398294e-05,
            0.07966061681509018,
            0.12637557089328766,
            0.0742085874080658,
            0.09868118166923523,
            0.11824943870306015
        ],
        "max": [
            5.045236110687256,
            5.173767566680908,
            12.854575157165527,
            6.283083915710449,
            6.261227130889893,
            6.282980442047119,
            1.652253270149231,
            3.3767263889312744,
            5.034203052520752,
            6.283082008361816,
            3.335953712463379,
            5.017114162445068,
            6.283085346221924,
            3.3227930068969727,
            4.999570369720459,
            1.6964033842086792,
            3.3433713912963867,
            4.983365535736084
        ],
        "q01": [
            -3.6852293014526367,
            -0.8118250370025635,
            4.666612148284912,
            0.040532711893320084,
            1.0683961629867553,
            1.0074785232543946,
            0.030059566721320152,
            0.13233943283557892,
            0.1679566502571106,
            0.04590676799416542,
            0.09140557795763016,
            0.14828847348690033,
            0.023718067258596424,
            0.07966061681509018,
            0.12637557089328766,
            0.0742085874080658,
            0.09868118166923523,
            0.11824943870306015
        ],
        "q99": [
            3.5880138874053955,
            3.686166381835944,
            11.581665992736816,
            6.257209300994873,
            1.6578538417816162,
            1.507724404335022,
            0.968240070343018,
            2.0087007045745855,
            2.982342100143434,
            6.262979507446289,
            1.8495342254638696,
            2.7862858772277868,
            6.243740081787109,
            1.8340598106384287,
            2.7555746555328384,
            1.1354251861572289,
            2.2199283599853556,
            3.3001103878021305
        ]
    },
    "action": {
        "mean": [
            -2.565795421600342,
            -0.1482049822807312,
            5.8225178718566895,
            5.69863748550415,
            1.6836673021316528,
            1.5038113594055176,
            0.07778294384479523,
            0.2214348167181015,
            0.3098197281360626,
            5.488574981689453,
            0.1859605461359024,
            0.2841027081012726,
            5.370722770690918,
            0.17445722222328186,
            0.261963427066803,
            0.11706925183534622,
            0.18130847811698914,
            0.2508871257305145
        ],
        "std": [
            1.8110910654067993,
            1.175833821296692,
            1.862220048904419,
            1.417967438697815,
            0.2872001528739929,
            0.3370002806186676,
            0.1728595644235611,
            0.3468905985355377,
            0.5155231952667236,
            1.9537057876586914,
            0.34013795852661133,
            0.5072514414787292,
            1.9751837253570557,
            0.33993470668792725,
            0.5068376064300537,
            0.17616382241249084,
            0.3526299297809601,
            0.5361937880516052
        ],
        "min": [
            -4.62988805770874,
            -1.473266839981079,
            4.453143119812012,
            -9.714403131511062e-05,
            0.010382077656686306,
            -9.495081030763686e-05,
            0.030059566721320152,
            0.13233943283557892,
            0.1679566502571106,
            -9.877787670120597e-05,
            0.09140557795763016,
            0.14828847348690033,
            -5.149668868398294e-05,
            0.07966061681509018,
            0.12637557089328766,
            0.0742085874080658,
            0.09868118166923523,
            0.11824943870306015
        ],
        "max": [
            5.045236110687256,
            5.173767566680908,
            12.854575157165527,
            6.283083915710449,
            6.261227130889893,
            6.282980442047119,
            1.652253270149231,
            3.3767263889312744,
            5.034203052520752,
            6.283082008361816,
            3.335953712463379,
            5.017114162445068,
            6.283085346221924,
            3.3227930068969727,
            4.999570369720459,
            1.6964033842086792,
            3.3433713912963867,
            4.983365535736084
        ],
        "q01": [
            -3.6998469829559326,
            -0.8118250370025635,
            4.666612148284912,
            0.03759549185633662,
            1.0683793544769287,
            1.0074583053588868,
            0.030059566721320152,
            0.13233943283557892,
            0.1679566502571106,
            0.04496574103832245,
            0.09140557795763016,
            0.14828847348690033,
            0.020124912634491923,
            0.07966061681509018,
            0.12637557089328766,
            0.0742085874080658,
            0.09868118166923523,
            0.11824943870306015
        ],
        "q99": [
            3.65415620803833,
            3.735255241394048,
            11.641875267028809,
            6.261260795593262,
            1.6578538417816162,
            1.507724404335022,
            1.03094460964203,
            2.1341087818145774,
            3.17045559883118,
            6.262979507446289,
            1.9747189760208141,
            2.9744799137115496,
            6.245052909851074,
            1.9594209909439115,
            2.9447440147399946,
            1.1982083320617676,
            2.3455979824066167,
            3.4883944511413576
        ]
    },
    "timestamp": {
        "mean": [
            1.2935725450515747
        ],
        "std": [
            1.0011183023452759
        ],
        "min": [
            0.0
        ],
        "max": [
            5.300000190734863
        ],
        "q01": [
            0.0
        ],
        "q99": [
            4.133333206176758
        ]
    },
    "annotation.human.action.task_description": {
        "mean": [
            0.0
        ],
        "std": [
            0.0
        ],
        "min": [
            0.0
        ],
        "max": [
            0.0
        ],
        "q01": [
            0.0
        ],